{"pos": [366.0992110015503, 179.1200398593321], "angle": 0.12, "stats": {"Class": "\u0412\u041e\u0418\u041d", "Level": 1, "XP": 0, "Max_XP": 100, "Res_Name": "\u042f\u0440\u043e\u0441\u0442\u044c", "STR": 10, "DEX": 5, "LUK": 3, "END": 10, "INT": 2, "SPR": 2, "HP": 150, "RES": 0, "ATK_SPD": 1.0, "ATK_PWR": 20, "CRIT_CH": 5, "CRIT_DMG": 150, "EVASION": 5, "HP_REG": 2.0, "RES_REG": 0.0}}