{"pos": [235.04847106884037, 163.31802849719466], "angle": 0.12, "stats": {"Class": "\u0420\u0410\u0417\u0411\u041e\u0419\u041d\u0418\u041a", "Level": 1, "XP": 0, "Max_XP": 100, "Res_Name": "\u042d\u043d\u0435\u0440\u0433\u0438\u044f", "STR": 5, "DEX": 12, "LUK": 8, "END": 6, "INT": 3, "SPR": 3, "HP": 100, "RES": 100, "ATK_SPD": 1.8, "ATK_PWR": 12, "CRIT_CH": 15, "CRIT_DMG": 200, "EVASION": 20, "HP_REG": 1.0, "RES_REG": 10.0}}